slug,brand,model,sku,title,price,msrp,capacity,width,depth,height,voltage,amps,circuits,watts,spectrum,emf_label,emf_claim,emf_distance,red_light,wood,max_temp,indoor,source_url,last_checked,source,retailer_slug,source_group,source_priority,pure_infrared,traditional,hybrid,image
dyn-6203-01,Dynamic Saunas,Cordoba,DYN-6203-01,"Dynamic ""Cordoba"" 2 Person Low EMF - FAR Infrared Sauna",2299.0,3999.0,2,,,,120,15.0,1,,Infrared,Not stated,below 3 mG,,False,Canadian Hemlock,,True,https://inhousewellness.com/products/cardoba-2person-sauna,2026-09-07,InHouse Wellness,inhouse-wellness,featured,0,True,False,False,//cdn.shopify.com/s/files/1/0672/9757/4979/files/DynamicCardoba1.jpg?v=1770882845
dyn-6103-01-elite,Dynamic Saunas,DYN-6103-01 Elite,DYN-6103-01 Elite,Dynamic Saunas Avila DYN-6103-01 Elite – 1-2 Person Ultra-Low EMF FAR Infrared Sauna,2299.0,3999.0,2,39.0,36.0,73.0,120,15.0,1,,Infrared,Not stated,under 3 mG,6–8″ from heater/panel,False,Canadian Hemlock,140,True,https://inhousewellness.com/products/dynamic-saunas-avila-elite,2026-09-07,InHouse Wellness,inhouse-wellness,featured,0,True,False,False,//cdn.shopify.com/s/files/1/0672/9757/4979/files/DYN-6229-01UltraLowEMF_1_10d85830-f717-4d09-92fd-b3a622f3f0a6.webp?v=1770885633
dyn-6202-03,Dynamic Saunas,DYN-6202-03,DYN-6202-03,Dynamic Saunas Versailles Edition - Low EMF Far Infrared Sauna,2299.0,3999.0,2,47.0,42.0,75.0,120,15.0,1,,Infrared,Not stated,5–10 MG,,False,Canadian Hemlock,,True,https://inhousewellness.com/products/dynamic-infrared-sauna-versailles,2026-09-07,InHouse Wellness,inhouse-wellness,featured,0,True,False,False,//cdn.shopify.com/s/files/1/0672/9757/4979/files/dynamic-saunas-versailles-edition-low-emf-far-infrared-sauna-219333.jpg?v=1770879169
dyn-6209-01,Dynamic Saunas,Santiago,DYN-6209-01,"Dynamic ""Santiago"" 2 Person Low EMF FAR IR Sauna",2299.0,3999.0,2,46.0,40.0,75.0,120,15.0,1,,Infrared,Not stated,,,False,Canadian Hemlock,,True,https://inhousewellness.com/products/santiago-low-emf-sauna,2026-09-07,InHouse Wellness,inhouse-wellness,featured,0,True,False,False,//cdn.shopify.com/s/files/1/0672/9757/4979/files/DynamicSantiago2.jpg?v=1770882777
dyn-6202-03-elite,Dynamic Saunas,Versailles Elite,DYN-6202-03 Elite,"Dynamic ""Versailles Elite"" 2 Person Infrared Sauna – Canadian Hemlock, Bluetooth, Low EMF Panels, Chromotherapy",2299.0,3999.0,2,,,,,,,,Infrared,Not stated,,,False,Canadian Hemlock,,True,https://inhousewellness.com/products/dynamic-versailles-elite-2-person-infrared-sauna,2026-09-07,InHouse Wellness,inhouse-wellness,featured,0,True,False,False,//cdn.shopify.com/s/files/1/0672/9757/4979/files/Dynamic-Saunas-DYN-6202-03Elite.png?v=1770878553
dyn-6203-01-elite,Dynamic Saunas,DYN-6203-01 Elite,DYN-6203-01 Elite,Dynamic Saunas Cardoba 2-Person Ultra Low EMF FAR Infrared Sauna,2499.0,4999.0,2,46.0,41.0,75.0,120,15.0,1,,Infrared,Not stated,3–5 mG,8 inches from heater/panel,False,Canadian Hemlock,140,True,https://inhousewellness.com/products/dynamic-cardoba-2-infrared-sauna,2026-09-07,InHouse Wellness,inhouse-wellness,featured,0,True,False,False,//cdn.shopify.com/s/files/1/0672/9757/4979/files/dynamic-saunas-cardoba-2-person-ultra-low-emf-far-infrared-sauna-472384.jpg?v=1770879311
dyn-6210-01,Dynamic Saunas,DYN-6210-01,DYN-6210-01,"Luxury Infrared Dynamic Sauna for 2 – Low EMF, Red Light Therapy, Bluetooth Speakers - Venice Edition",2499.0,4699.0,2,50.0,42.0,77.0,120,15.0,1,1700,Infrared,Not stated,,,False,Canadian Hemlock,151,True,https://inhousewellness.com/products/dynamic-infrared-sauna-venice-edition,2026-09-07,InHouse Wellness,inhouse-wellness,featured,0,True,False,False,//cdn.shopify.com/s/files/1/0672/9757/4979/files/luxury-infrared-dynamic-sauna-for-2-low-emf-red-light-therapy-bluetooth-speakers-venice-edition-923915.jpg?v=1770879554
dyn-6306-02,Dynamic Saunas,DYN-6306-02,DYN-6306-02,"Dynamic Bellagio 3 Person Indoor Far Infrared Sauna – Canadian Hemlock, Bluetooth",2699.0,5999.0,3,,,,120,20.0,1,,Infrared,Not stated,between 6-10MG,8 inches from heater/panel,False,Canadian Hemlock,,True,https://inhousewellness.com/products/dynamic-bellagio-3-person-indoor-infrared-sauna,2026-09-07,InHouse Wellness,inhouse-wellness,featured,0,True,False,False,//cdn.shopify.com/s/files/1/0672/9757/4979/files/Dynamic-Sauna-DYN-6306-02.png?v=1770878568
dyn-6336-02,Dynamic Saunas,Lugano,DYN-6336-02,"Dynamic ""Lugano"" 3 Person Low EMF FAR Infrared Sauna (DYN-6336-02)",2699.0,5999.0,3,60.0,45.0,75.0,120,20.0,1,,Infrared,Not stated,5–10 mG,2–3 inches from heater/panel,False,Canadian Hemlock,140,True,https://inhousewellness.com/products/dynamic-saunas-lugano-infrared-sauna,2026-09-07,InHouse Wellness,inhouse-wellness,featured,0,True,False,False,//cdn.shopify.com/s/files/1/0672/9757/4979/files/dynamic-saunas-low-emf-far-infrared-sauna-lugano-edition-556334.jpg?v=1770879403
dyn-6220-01,Dynamic Saunas,Vittoria,DYN-6220-01,"Dynamic ""Vittoria"" 2 Person Low EMF Far IR Sauna (DYN-6220-01)",2699.0,4999.0,2,48.0,41.0,75.0,,,,,Infrared,Not stated,10 MG,,False,Canadian Hemlock,140,True,https://inhousewellness.com/products/dynamic-saunas-vittoria-dyn-6220-01,2026-09-07,InHouse Wellness,inhouse-wellness,featured,0,True,False,False,//cdn.shopify.com/s/files/1/0672/9757/4979/files/Dynamic-Saunas-Vittoria-DYN-6220-01-bathroom.png?v=1785422404
dyn-6119-03-fs,Dynamic Saunas,DYN-6119-03 FS,DYN-6119-03 FS,Dynamic Saunas DYN-6119-03 FS Gracia 2 Person Full Spectrum Near Zero EMF Far Infrared Sauna,2899.0,4999.0,2,,,,,,,,Infrared,Not stated,,,False,,,True,https://inhousewellness.com/products/dynamic-saunas-dyn-6119-03-fs-gracia,2026-09-07,InHouse Wellness,inhouse-wellness,featured,0,True,False,False,//cdn.shopify.com/s/files/1/0672/9757/4979/files/DYN-6119-03_FS_Left_Qtr_8e1f4de5-8609-4977-a662-3b05658c2ba6.webp?v=1770885669
dyn-6225-02-elite,Dynamic Saunas,DYN-6225-02 Elite,DYN-6225-02 Elite,Dynamic Heming Elite 2-Person Corner Ultra Low EMF FAR Infrared Sauna,2999.0,5999.0,2,,,,120,15.0,1,,Infrared,Not stated,under 3MG,,False,Canadian Hemlock,140,True,https://inhousewellness.com/products/dynamic-saunas-heming,2026-09-07,InHouse Wellness,inhouse-wellness,featured,0,True,False,False,//cdn.shopify.com/s/files/1/0672/9757/4979/files/dynamic-heming-elite-2-person-corner-ultra-low-emf-far-infrared-sauna-canadian-hemlock-369840.jpg?v=1770877551
dyn-6203-02-fs,Dynamic Saunas,DYN-6203-02 FS,DYN-6203-02 FS,Dynamic Cordoba 2-Person Full Spectrum Near Zero EMF Sauna,3299.0,5999.0,2,46.0,41.0,75.0,120,15.0,1,,Infrared,Not stated,under 3 MG,2–3 inches from heater/panel,False,Canadian Hemlock,140,True,https://inhousewellness.com/products/dynamic-cordoba-2-person-full-spectrum-sauna,2026-09-07,InHouse Wellness,inhouse-wellness,featured,0,True,False,False,//cdn.shopify.com/s/files/1/0672/9757/4979/files/Dynamic-Saunas-Cardoba-DYN-6203-02-FS.png?v=1785856816
dyn-6440-01,Dynamic Saunas,DYN-6440-01,DYN-6440-01,Dynamic Saunas Low EMF Far Infrared Sauna - Bergamo Edition,3299.0,6999.0,4,70.0,42.0,75.0,120,20.0,1,,Infrared,Not stated,5–10 mG,,False,Canadian Hemlock,140,True,https://inhousewellness.com/products/dynamic-saunas-bergamo,2026-09-07,InHouse Wellness,inhouse-wellness,featured,0,True,False,False,//cdn.shopify.com/s/files/1/0672/9757/4979/files/dynamic-saunas-low-emf-far-infrared-sauna-bergamo-edition-819128.jpg?v=1770879374
dyn-6440-01-elite,Dynamic Saunas,DYN-6440-01 Elite,DYN-6440-01 Elite,Dynamic Bergamo Elite 4-Person Ultra Low EMF FAR Infrared Sauna,3999.0,7999.0,4,70.0,42.0,75.0,120,20.0,1,,Infrared,Not stated,3–5 MG,2–3 inches from heater/panel,False,Canadian Hemlock,140,True,https://inhousewellness.com/products/dynamic-bergamo-elite-4-person-ultra-low-emf-sauna,2026-09-07,InHouse Wellness,inhouse-wellness,featured,0,True,False,False,//cdn.shopify.com/s/files/1/0672/9757/4979/files/DYN-6440-01_Bergamo-bathroom.png?v=1785856314
dyn-6996-01-elite,Dynamic Saunas,DYN-6996-01 Elite,DYN-6996-01 Elite,Dynamic Monaco 6-person Ultra Low EMF (Under 3MG) FAR Infrared Sauna,6499.0,8999.0,6,,,,120,20.0,2,,Infrared,Not stated,Under 3MG,6–8 inches from heater/panel,False,Canadian Hemlock,140,True,https://inhousewellness.com/products/dynamic-saunas-monaco,2026-09-07,InHouse Wellness,inhouse-wellness,featured,0,True,False,False,//cdn.shopify.com/s/files/1/0672/9757/4979/files/dynamic-monaco-6-person-ultra-low-emf-under-3mg-far-infrared-sauna-318009.jpg?v=1770877343
fd-kn001,Finnmark Designs,FD-KN001,FD-KN001,Finnmark FD‑1 Full‑Spectrum Infrared Sauna – 1‑Person Compact Heater,4695.0,5164.5,2,38.0,38.0,78.0,120,15.0,1,1750,Infrared,Not stated,,8 inches from heater/panel,False,Cedar / Aspen,140,True,https://inhousewellness.com/products/finnmark-fd-1,2026-09-07,InHouse Wellness,inhouse-wellness,featured,0,True,False,False,//cdn.shopify.com/s/files/1/0672/9757/4979/files/1-person-full-spectrum-infrared-sauna-500x500.jpg?v=1770883133
fd-kn002,Finnmark Designs,FD-KN002,FD-KN002,Finnmark FD-2 Full Spectrum Infrared Sauna – 2 Person,5995.0,7194.0,2,48.0,44.0,78.0,120,15.0,1,1750,Infrared,Not stated,,8 inches from heater/panel,False,Cedar / Aspen,170,True,https://inhousewellness.com/products/finnmark-fd-2,2026-09-07,InHouse Wellness,inhouse-wellness,featured,0,True,False,False,//cdn.shopify.com/s/files/1/0672/9757/4979/files/2-person-full-spectrum-infrared-sauna-1-500x500.jpg?v=1770883081
fd-kn003,Finnmark Designs,FD-KN003,FD-KN003,Finnmark FD-3 Full Spectrum 3-Person Infrared Sauna,6495.0,7144.5,3,,,,240,15.0,1,3150,Infrared,Not stated,,8 inches from heater/panel,False,Cedar / Aspen,170,True,https://inhousewellness.com/products/finnmark-fd-3,2026-09-07,InHouse Wellness,inhouse-wellness,featured,0,True,False,False,//cdn.shopify.com/s/files/1/0672/9757/4979/files/finnmark-fd-3-indoor.png?v=1770883105
gdi-6880-02-elite,Golden Designs Inc,GDI-6880-02 Elite,GDI-6880-02 Elite,Golden Designs GDI-6880-02 Elite Catalonia 8 Person Ultra Low EMF Far Infrared Sauna,9999.0,14999.0,8,,,,240,30.0,1,,Infrared,Not stated,under 3MG,3 inches from heater/panel,False,Canadian Hemlock,140,True,https://inhousewellness.com/products/golden-designs-gdi-6880-02-elite-catalonia,2026-09-07,InHouse Wellness,inhouse-wellness,featured,0,True,False,False,//cdn.shopify.com/s/files/1/0672/9757/4979/files/DYN-6880-01_Catalonia_-_8_Per_-_Yoga_BG_3Kx3K.webp?v=1770885749
biohackers-infrared-sauna-guide,InHouse Wellness,Biohacker's Guide,,Biohacker's Infrared Sauna Guide,5.0,47.0,,,,,,,,,Infrared,Not stated,,,False,,,True,https://inhousewellness.com/products/biohackers-infrared-sauna-guide,2026-09-07,InHouse Wellness,inhouse-wellness,featured,0,True,False,False,//cdn.shopify.com/s/files/1/0672/9757/4979/files/BIOHACKERS-SAUNA-GUIDE.jpg?v=1770882899
mx-j206-01,Maxxus,MX-J206-01,MX-J206-01,"Maxxus Seattle 2-Person Infrared Sauna – Low EMF, Bluetooth Speakers, Red Light Therapy",2299.0,3699.0,2,,,,120,15.0,1,,Infrared,Not stated,,,False,Canadian Hemlock,,True,https://inhousewellness.com/products/maxxus-seattle-2-person-sauna,2026-09-07,InHouse Wellness,inhouse-wellness,featured,0,True,False,False,//cdn.shopify.com/s/files/1/0672/9757/4979/files/maxxus-seattle-2-person-infrared-sauna-low-emf-bluetooth-speakers-red-light-therapy-979677.jpg?v=1770879439
mx-s106-01,Maxxus,MX-S106-01,MX-S106-01,Maxxus MX-S106-01 S-Line 1-Person Low EMF FAR Infrared Sauna w/ Red Light & Bluetooth,2299.0,3999.0,1,39.0,36.0,75.0,120,15.0,1,,Infrared,Not stated,,,False,Canadian Hemlock,,True,https://inhousewellness.com/products/maxxus-mx-s106-01,2026-09-07,InHouse Wellness,inhouse-wellness,featured,0,True,False,False,//cdn.shopify.com/s/files/1/0672/9757/4979/files/Maxxus_MX-S106-01-room.png?v=1785419330
mx-k206-01,Maxxus,MX-K206-01,MX-K206-01,Maxxus Low EMF FAR Infrared Sauna – Canadian Hemlock – 2-Person Capacity,2699.0,4499.0,2,,,,120,15.0,1,,Infrared,Not stated,,,False,Canadian Hemlock,,True,https://inhousewellness.com/products/maxxus-2-person-sauna-hemlock,2026-09-07,InHouse Wellness,inhouse-wellness,featured,0,True,False,False,//cdn.shopify.com/s/files/1/0672/9757/4979/files/maxxus-low-emf-far-infrared-sauna-canadian-hemlock-2-person-capacity-259265.png?v=1770879518
mx-j306-01-zf,Maxxus,Bellevue,MX-J306-01-ZF,"Maxxus ""Bellevue"" 3-Person Near Zero EMF FAR Infrared Sauna – Canadian Hemlock",2899.0,5999.0,3,61.0,42.0,75.0,120,20.0,1,,Infrared,Not stated,,,False,Canadian Hemlock,140,True,https://inhousewellness.com/products/maxxus-bellevue-3-person-near-zero-emf-far-infrared-sauna-canadian-hemlock,2026-09-07,InHouse Wellness,inhouse-wellness,featured,0,True,False,False,//cdn.shopify.com/s/files/1/0672/9757/4979/files/maxxus-bellevue-3-person-near-zero-emf-far-infrared-sauna-canadian-hemlock-354137.webp?v=1770878522
mx-s206-01,Maxxus,MX-S206-01,MX-S206-01,Maxxus S Line MX-S206-01 2 Person Low EMF Far Infrared Sauna,2899.0,5999.0,2,,,,120,15.0,1,,Infrared,Not stated,,,False,Canadian Hemlock,,True,https://inhousewellness.com/products/maxxus-s-line-mx-s206-01,2026-09-07,InHouse Wellness,inhouse-wellness,featured,0,True,False,False,//cdn.shopify.com/s/files/1/0672/9757/4979/files/MX-S206-01.png?v=1776885094
mx-m356-01-fs-ced,Maxxus,MX-M356-01-FS CED,MX-M356-01-FS CED,Maxxus MX-M356-01-FS CED 3-Person Full Spectrum Corner Infrared Sauna – Canadian Red Cedar,5299.0,8499.0,3,60.0,60.0,75.0,120,20.0,1,,Infrared,Not stated,3 mG,2–3 inches from heater/panel,False,Cedar,140,True,https://inhousewellness.com/products/golden-designs-maxxus-mx-m356-01-fs-ced,2026-09-07,InHouse Wellness,inhouse-wellness,featured,0,True,False,False,//cdn.shopify.com/s/files/1/0672/9757/4979/files/MX-M356-01RedCedar3x3_1.webp?v=1770885846
clearlight-premier-2,Clearlight,Premier 2,,Clearlight Premier 2,,,2,50,44,76,120,15,1,1750,FAR Infrared,Low EMF,,,False,Mahogany or Basswood,,True,https://infraredsauna.com/product/premier-two-person/,2026-09-07,Clearlight,clearlight,additional,10,True,False,False,
clearlight-sanctuary-2,Clearlight,Sanctuary 2,,Clearlight Sanctuary 2,,,2,52,48,77,120,20,1,2250,Full Spectrum,Low EMF,,,False,Mahogany or Basswood,,True,https://infraredsauna.com/product/sanctuary-two-person/,2026-09-07,Clearlight,clearlight,additional,10,True,False,False,
health-mate-enrich-2,Health Mate,Enrich 2,,Health Mate Enrich 2,5300,,2,47.25,43.5,77,120,15,1,1780,Full Spectrum,Low EMF,,,True,Mahogany,,True,https://healthmatesauna.com/product/enrich-2/,2026-09-07,Health Mate,health-mate,additional,10,True,False,False,https://healthmatesauna.com/wp-content/uploads/2024/12/enrich-2.jpg
health-mate-enrich-3,Health Mate,Enrich 3,,Health Mate Enrich 3,5900,,3,59,43.5,77,120,20,1,2205,Full Spectrum,Low EMF,,,True,Mahogany,,True,https://healthmatesauna.com/product/enrich-3/,2026-09-07,Health Mate,health-mate,additional,10,True,False,False,https://healthmatesauna.com/wp-content/uploads/2024/12/Health-Mate-Feb-20220559-e-scaled.jpeg
higherdose-full-spectrum-2-person,HigherDOSE,Full Spectrum Infrared Sauna — 2 Person,,HigherDOSE Full Spectrum Infrared Sauna — 2 Person,7999,,2,49.6,41,76.5,120,20,1,2250,Full Spectrum,Low EMF,,,False,Black Mahogany exterior / Basswood interior,176,True,https://higherdose.com/products/full-spectrum-infrared-sauna,2026-09-07,HigherDOSE,higherdose,additional,10,True,False,False,http://higherdose.com/cdn/shop/files/Sauna.jpg?v=1782397391
sunlighten-mpulse-believe,Sunlighten,mPulse Believe,,Sunlighten mPulse Believe,,,2,51.7,47.6,78.6,120,20,1,2400,Full Spectrum,Ultra Low EMF,,,True,Eucalyptus,,True,https://www.sunlighten.com/saunas/mpulse-infrared-saunas/believe/,2026-09-07,Sunlighten,sunlighten,additional,10,True,False,False,https://assets-us-01.kc-usercontent.com:443/9832d3f0-685b-0021-9fc3-0a88ee8dfc7a/96158097-11f3-4095-b841-5493a85a8171/Believe_SearchImages.jpg
